"Ticker","Nome","Negócios","Última (R$)","Variação"
"BBDC4","Banco Bradesco","119.596.100","21,96","-3,68%"
"COGN3","Cogna","70.731.000","2,93","+3,90%"
"B3SA3","B3","70.151.300","22,33","-1,54%"
"BBAS3","Banco do Brasil","57.292.200","24,18","-1,87%"
"PETR4","Petrobras","51.879.700","54,33","+0,95%"
"MGLU3","Magazine Luiza","51.155.600","9,71","+5,09%"
"ABEV3","Ambev","46.954.500","15,97","-1,72%"
"ITSA4","Itaúsa","46.612.600","16,00","-3,26%"
"ITUB4","Itaú Unibanco","46.569.000","49,11","-2,66%"
"CSAN3","Cosan","46.378.400","5,05","+1,00%"
"VALE3","Vale","38.890.600","68,75","-2,30%"
"ASAI3","Assaí","35.799.200","12,07","-4,43%"
"LREN3","Lojas Renner","33.975.300","13,43","-1,90%"
"VAMO3","Grupo Vamos","33.952.500","6,06","+0,83%"
"BEEF3","Minerva","33.100.300","4,60","+2,22%"
"MULT3","Multiplan","26.662.800","36,65","-1,37%"
"VBBR3","Vibra Energia","26.516.300","37,55","-0,40%"
"NATU3","NATURA","26.273.300","7,35","-9,03%"
"BPAC11","Banco BTG Pactual","25.964.600","76,64","-2,52%"
"SBSP3","Sabesp","24.849.700","32,05","+0,06%"
"CPLE3","Copel","24.570.700","17,46","+0,75%"
"AXIA3","Axia Energia","24.547.300","59,87","+0,66%"
"ENEV3","Eneva","22.997.100","30,40","+0,53%"
"EQTL3","Equatorial Energia","22.838.100","49,00","+1,66%"
"CSNA3","Siderúrgica Nacional","22.643.500","6,35","+0,79%"
"CMIG4","Cemig","22.473.100","11,87","-1,00%"
"SMFT3","Smart Fit","22.409.900","22,34","+3,28%"
"MOVI3","Movida","21.241.500","14,90","+3,19%"
"PGMN3","Pague Menos","20.554.200","5,07","+4,75%"
"RENT3","Localiza","20.456.800","50,66","+1,36%"
"BBDC3","Banco Bradesco","19.042.200","19,29","-3,50%"
"MOTV3","Motiva","18.594.600","19,75","+0,77%"
"GMAT3","Grupo Mateus","18.108.900","5,16","-0,77%"
"CBAV3","CBA","17.176.600","11,23","-0,18%"
"CXSE3","Caixa Seguridade","16.354.600","21,03","+1,15%"
"PCAR3","Grupo Pão de Açúcar","15.985.900","3,51","+4,15%"
"PETR3","Petrobras","15.890.400","60,05","+1,25%"
"RAIL3","Rumo","15.851.000","18,51","+1,37%"
"GGPS3","GPS","15.582.800","16,33","+5,02%"
"ECOR3","EcoRodovias","15.106.700","12,85","-1,08%"
"PMAM3","Paranapanema","15.073.600","0,39","+5,41%"
"CVCB3","CVC","15.004.200","1,61","-2,42%"
"RADL3","RaiaDrogasil","14.912.000","21,01","-0,85%"
"GFSA3","Gafisa","14.510.200","0,40","+0,00%"
"MRVE3","MRV","14.327.100","6,35","-0,78%"
"RDOR3","Rede D'Or","13.964.900","44,39","-0,60%"
"POMO4","Marcopolo","13.872.300","4,75","+1,06%"
"MBRF3","Marfrig","13.457.700","18,53","+4,10%"
"BHIA3","Casas Bahia","13.294.500","1,44","-0,69%"
"HAPV3","Hapvida","12.706.700","8,52","-4,59%"
"DIRR3","Direcional","12.636.100","11,65","+2,46%"
"RAIZ4","Raízen","11.984.000","0,33","-2,94%"
"CYRE3","Cyrela","11.976.000","33,00","-3,45%"
"LJQQ3","Lojas Quero-Quero","11.840.800","2,36","+4,42%"
"CEAB3","C&A","11.758.900","12,55","-0,48%"
"SAPR4","Sanepar","11.466.500","8,04","+8,36%"
"SIMH3","Simpar","11.438.700","13,77","-0,07%"
"USIM5","Usiminas","11.385.600","7,20","-1,64%"
"EMBJ3","Embraer","11.144.700","89,34","-5,11%"
"SBFG3","Grupo SBF","11.108.000","9,84","-4,74%"
"WEGE3","WEG","11.063.400","51,27","+1,02%"
"DXCO3","Dexco","10.439.100","7,00","+2,04%"
"UGPA3","Ultrapar","10.224.500","38,73","-0,08%"
"ALOS3","Allos","10.041.700","34,46","+0,50%"
"TIMS3","TIM","9.828.000","19,15","+0,79%"
"GGBR4","Gerdau","9.709.200","25,21","-1,25%"
"GOAU4","Metalúrgica Gerdau","9.334.300","11,44","-1,72%"
"VIVT3","Vivo","9.323.300","31,88","+1,56%"
"AZEV4","Azevedo & Travassos","8.990.000","1,37","+4,58%"
"SANB11","Banco Santander","8.907.800","29,46","-1,01%"
"TOTS3","Totvs","8.769.100","39,32","+2,24%"
"AZZA3","Arezzo","8.378.300","23,47","+1,69%"
"SAUD3","Odontoprev","8.174.300","15,46","-3,07%"
"FLRY3","Fleury","7.679.500","25,76","+1,62%"
"CURY3","Cury","7.508.000","32,27","+4,77%"
"IGTI11","Iguatemi","7.289.000","31,25","-1,36%"
"IGTI11","Jereissati Participações","7.289.000","31,25","-1,36%"
"KLBN11","Klabin","7.124.900","18,47","-0,16%"
"QUAL3","Qualicorp","7.077.700","2,03","+8,56%"
"SUZB3","Suzano","6.964.900","42,18","+1,10%"
"AURE3","Auren Energia","6.933.600","15,78","+2,47%"
"PRIO3","PetroRio","6.842.800","62,61","+0,90%"
"CMIN3","CSN Mineração","6.825.600","4,97","+0,61%"
"FIQE3","Unifique","6.754.200","6,08","+5,01%"
"KLBN4","Klabin","6.522.800","3,68","+0,00%"
"BRKM5","Braskem","6.488.700","4,25","+3,66%"
"BBSE3","BB Seguridade","6.291.500","40,28","+0,50%"
"ENGI11","Energisa","6.178.300","65,06","+1,31%"
"YDUQ3","YDUQS","6.068.300","13,23","+1,69%"
"ANIM3","Ânima Educação","5.866.700","4,18","+2,45%"
"ALLD3","Allied","5.760.900","5,09","+1,60%"
"RAPT4","Randon","5.660.100","6,61","+1,85%"
"CSMG3","COPASA","5.620.600","62,86","+1,81%"
"CASH3","Méliuz","5.317.900","5,01","-6,00%"
"ONCO3","Oncoclínicas","5.161.300","1,00","+0,00%"
"HYPE3","Hypera","5.066.300","27,32","+1,19%"
"BRAV3","3R Petroleum","4.890.000","19,89","+3,32%"
"EZTC3","EZTEC","4.779.600","17,87","+1,48%"
"SAPR11","Sanepar","4.611.600","41,97","+8,96%"
"OBTC3","OrangeBTC","4.605.500","6,95","-13,23%"
"LWSA3","Locaweb","4.558.300","5,04","+2,65%"
"AMBP3","Ambipar","4.383.400","0,17","+6,25%"
"TAEE11","Taesa","4.378.000","44,74","+2,38%"
"PSSA3","Porto Seguro","4.358.200","52,65","+0,36%"
"TTEN3","3tentos","4.169.000","12,59","+7,61%"
"EGIE3","Engie","4.160.000","31,29","-0,98%"
"AUAU3","União Pet","4.142.000","4,78","-1,65%"
"TEND3","Construtora Tenda","3.988.400","30,26","+4,89%"
"ORVR3","Orizon","3.858.100","20,69","+0,19%"
"BRAP4","Bradespar","3.855.000","21,05","-1,13%"
"VIVA3","Vivara","3.843.100","28,08","+0,86%"
"JHSF3","JHSF","3.802.100","12,75","-1,16%"
"ISAE4","ISA Energia","3.492.100","29,31","-0,44%"
"OPCT3","OceanPact","3.354.000","10,30","+10,63%"
"PLPL3","Plano&Plano","3.281.400","8,30","+0,36%"
"BRSR6","Banrisul","3.056.700","17,76","+3,26%"
"RECV3","PetroRecôncavo","2.998.000","11,70","+0,00%"
"LAVV3","Lavvi Incorporadora","2.973.200","13,84","+2,82%"
"HBSA3","Hidrovias do Brasil","2.912.700","3,99","+1,53%"
"SLCE3","SLC Agrícola","2.762.800","17,72","+2,31%"
"FESA4","Ferbasa","2.742.900","6,37","+6,88%"
"VULC3","Vulcabras","2.711.200","14,87","-0,27%"
"DASA3","Dasa","2.662.500","4,81","+10,07%"
"EVEN3","Even","2.528.800","5,70","+3,83%"
"AMER3","Americanas","2.520.600","5,94","-2,30%"
"JSLG3","JSL","2.445.200","10,71","+3,98%"
"MLAS3","Multilaser","2.371.400","2,16","+2,37%"
"CAML3","Camil Alimentos","2.370.400","6,94","+6,12%"
"ITUB3","Itaú Unibanco","2.304.100","53,15","-3,12%"
"ALPA4","Alpargatas","2.290.000","15,26","-4,57%"
"POMO3","Marcopolo","2.280.300","4,43","+3,02%"
"LIGT3","Light","2.229.900","3,94","+0,77%"
"SMTO3","São Martinho","2.155.500","20,27","+3,00%"
"GRND3","Grendene","2.155.300","4,34","+1,40%"
"MDNE3","Moura Dubeux","2.036.500","30,22","+0,40%"
"ARML3","Armac","1.996.000","5,62","+5,44%"
"JALL3","Jalles Machado","1.966.300","2,97","+6,07%"
"SOJA3","Boa Safra Sementes","1.952.700","8,40","+5,93%"
"KEPL3","Kepler Weber","1.804.800","7,22","+1,26%"
"INTB3","Intelbras","1.794.700","17,81","+2,77%"
"RCSL4","Recrusul","1.762.300","0,91","+0,00%"
"TFCO4","Track & Field","1.734.900","15,77","+3,75%"
"CPFE3","CPFL Energia","1.731.500","50,09","+0,28%"
"VVEO3","Viveo","1.720.200","0,92","+8,24%"
"PASS3","COMPASS","1.672.100","27,24","+3,57%"
"RIAA3","Guararapes","1.571.300","8,80","+1,27%"
"BRBI11","BR Partners","1.502.300","17,92","+5,41%"
"TUPY3","Tupy","1.490.400","18,22","+1,39%"
"ALUP11","Alupar","1.457.900","38,18","+1,98%"
"MYPK3","Iochpe-Maxion","1.448.100","10,52","+5,41%"
"TASA4","Taurus","1.366.000","8,10","+0,00%"
"POSI3","Positivo","1.250.300","4,07","+0,49%"
"BMOB3","Bemobi","1.249.100","30,92","+1,28%"
"AXIA7","Axia Energia","1.183.500","60,01","+0,52%"
"PINE4","Banco Pine","1.092.100","13,87","-1,07%"
"ROMI3","Indústrias ROMI","1.056.700","7,40","+6,17%"
"SEQL3","Sequoia Logística","1.036.100","0,07","+0,00%"
"ABCB4","Banco ABC Brasil","1.032.800","28,06","-2,64%"
"AZEV3","Azevedo & Travassos","1.016.600","7,05","-5,75%"
"SAPR3","Sanepar","991.400","9,56","+9,38%"
"BMGB4","Banco BMG","990.800","6,73","-2,04%"
"KLBN3","Klabin","987.400","3,78","-0,53%"
"HBOR3","Helbor","965.600","2,53","+1,20%"
"IRBR3","IRB Brasil RE","958.700","66,78","+1,00%"
"SEER3","Ser Educacional","941.400","16,24","-1,93%"
"MDIA3","M. Dias Branco","937.200","18,60","+2,93%"
"MTRE3","Mitre Realty","929.600","3,77","+0,00%"
"ENJU3","Enjoei","919.600","0,73","-1,35%"
"RANI3","Irani","897.700","8,20","+1,86%"
"PNVL3","Dimed","890.700","14,66","+0,34%"
"VTRU3","VITRUBREPCOM","831.100","17,85","+4,08%"
"PTBL3","Portobello","811.800","2,55","+9,44%"
"LOGG3","LOG CP","782.600","28,76","+3,01%"
"SHUL4","Schulz","779.300","5,11","+2,40%"
"MILS3","Mills","690.800","16,02","-0,37%"
"RCSL3","Recrusul","683.600","1,89","+5,59%"
"ALPK3","Estapar","671.300","5,61","+10,65%"
"LEVE3","Mahle Metal Leve","665.700","37,46","+2,49%"
"UNIP6","Unipar","664.100","59,76","+1,96%"
"HBRE3","HBR Realty","654.400","3,00","+2,04%"
"PRNR3","Priner","625.800","20,69","-0,39%"
"USIM3","Usiminas","598.900","6,87","-0,87%"
"SYNE3","SYN","564.900","3,87","+0,26%"
"LPSB3","Lopes","559.900","1,44","-3,36%"
"AZTE3","AZT Energia","526.100","1,35","-1,46%"
"MELK3","Melnick","525.000","3,38","+3,05%"
"TRIS3","Trisul","490.100","6,22","+1,47%"
"ESPA3","Espaçolaser","471.300","7,41","-3,26%"
"DESK3","Desktop","450.100","19,37","+0,10%"
"WIZC3","Wiz Soluções","440.700","8,62","+0,35%"
"FRAS3","Fras-le","423.500","26,38","+2,45%"
"VLID3","Valid","421.000","18,70","+0,92%"
"VITT3","Vittia","419.800","3,71","+5,10%"
"MEAL3","IMC Alimentação","412.900","0,98","+1,03%"
"CSED3","Cruzeiro do Sul Educacional","408.200","6,68","+0,00%"
"CYRE4","Cyrela","404.400","31,53","-2,98%"
"TGMA3","Tegma","389.200","44,14","+1,40%"
"BRST3","Brisanet","387.200","3,28","+2,50%"
"MATD3","Mater Dei","377.000","6,20","+4,55%"
"AMAR3","Lojas Marisa","376.100","0,80","+0,00%"
"AGRO3","BrasilAgro","367.100","19,00","+3,15%"
"BLAU3","Blau Farmacêutica","318.100","11,97","+0,17%"
"SANB4","Banco Santander","313.700","14,45","-1,30%"
"PFRM3","Profarma","284.600","8,86","-0,89%"
"ITSA3","Itaúsa","266.500","16,04","-1,96%"
"TAEE4","Taesa","244.400","14,84","+1,02%"
"SANB3","Banco Santander","191.700","14,70","-0,14%"
"DEXP3","Dexxos","185.000","8,17","+2,12%"
"BIOM3","Biomm","184.700","6,90","+0,58%"
"IFCM3","Infracommerce","177.600","1,32","-2,22%"
"AZUL3","Azul","138.600","18,00","-4,56%"
"ETER3","Eternit","137.100","3,58","+0,56%"
"AALR3","Alliança","134.100","3,13","-2,49%"
"TAEE3","Taesa","131.000","14,60","+1,88%"
"TCSA3","Tecnisa","105.500","0,64","-1,54%"
"CMIG3","Cemig","96.000","17,90","-0,17%"
"ATED3","ATOM EDUCAÇÃO E EDITORA S.A.","93.800","1,15","-0,86%"
"RENT4","Localiza","90.600","50,00","+0,87%"
"PDTC3","Padtec","88.200","1,93","+4,32%"
"AMOB3","Automob","87.000","13,89","-2,18%"
"BRAP3","Bradespar","83.000","18,63","+0,92%"
"RNEW3","Renova Energia","81.700","0,91","+4,60%"
"EUCA4","Eucatex","79.700","24,52","+2,85%"
"LAND3","Terra Santa","71.300","10,63","+6,51%"
"BSLI3","Banco de Brasília","70.800","2,08","+0,00%"
"AERI3","Aeris Energy","70.400","2,20","+0,00%"
"UCAS3","Unicasa","65.300","1,24","-0,80%"
"TASA3","Taurus","57.600","8,89","+3,86%"
"RNEW4","Renova Energia","46.700","0,93","+5,68%"
"BMEB4","Banco Mercantil do Brasil","44.700","74,31","+4,31%"
"IGTI3","Iguatemi","43.800","3,95","+2,60%"
"IGTI3","Jereissati Participações","43.800","3,95","+2,60%"
"CSUD3","CSU Cardsystem","40.700","16,28","+2,39%"
"ALUP4","Alupar","40.100","12,30","+7,89%"
"LOGN3","Log-In","38.700","30,00","+1,69%"
"CAMB3","Cambuci","38.400","8,04","-1,95%"
"EALT4","Electro Aço Altona","36.400","12,36","+6,55%"
"RAPT3","Randon","34.400","9,80","+2,94%"
"TECN3","Technos","29.800","10,69","-0,83%"
"BPAC3","Banco BTG Pactual","29.700","26,50","-1,85%"
"DOTZ3","Dotz","29.400","11,99","+9,40%"
"PDGR3","PDG Realty","29.300","1,11","-1,77%"
"BSLI4","Banco de Brasília","29.200","2,42","+0,00%"
"BRKM3","Braskem","27.200","4,12","+0,00%"
"DMVF3","D1000 Varejo Farma","26.300","6,54","+0,00%"
"TPIS3","Triunfo","26.100","10,93","+0,00%"
"JFEN3","João Fortes","25.200","2,03","+0,50%"
"INEP3","Inepar","23.900","1,25","-2,34%"
"SCAR3","São Carlos","22.500","12,99","-0,08%"
"INEP4","Inepar","22.500","1,25","-3,10%"
"ALUP3","Alupar","21.300","14,03","+5,73%"
"VSTE3","LE LIS BLANC","20.100","2,99","+1,36%"
"CLSC4","Celesc","18.700","186,51","-0,80%"
"WDCN3","WDC Networks","18.600","3,00","-0,99%"
"EQPA3","Equatorial Energia Pará","17.900","5,76","+1,95%"
"MNPR3","Minupar","17.600","4,05","+0,25%"
"ENGI3","Energisa","17.500","13,40","-0,15%"
"WLMM4","WLM","17.400","17,39","+1,40%"
"EPAR3","Embpar Participações","15.400","1,22","-0,81%"
"ALPA3","Alpargatas","15.200","11,16","-5,42%"
"ENGI4","Energisa","15.000","12,90","+0,62%"
"GGBR3","Gerdau","14.100","21,42","-2,99%"
"WHRL4","Whirlpool","13.600","3,66","+1,10%"
"UNIP3","Unipar","12.500","56,37","+1,81%"
"HAGA4","Haga","12.200","1,96","+1,03%"
"LUXM4","Trevisa","11.800","3,18","-6,47%"
"BAZA3","Banco da Amazônia","10.800","76,00","+1,46%"
"PINE3","Banco Pine","10.600","12,44","+0,00%"
"MNDL3","Mundial","10.100","15,80","-14,55%"
"WHRL3","Whirlpool","9.600","3,52","+0,86%"
"BEES3","Banestes","9.400","9,46","+1,83%"
"LUPA3","Lupatech","8.600","3,93","-1,75%"
"AGXY3","AgroGalaxy","8.500","0,65","+0,00%"
"GOAU3","Metalúrgica Gerdau","8.300","10,20","-1,45%"
"CTAX3","Contax","8.300","1,21","-2,42%"
"EMAE4","EMAE","7.900","41,20","+0,05%"
"CRPG5","Tronox Pigmentos","7.800","8,68","+0,00%"
"BRSR3","Banrisul","7.700","18,99","+2,65%"
"DOHL4","Döhler","7.300","3,63","-1,09%"
"BOBR4","Bombril","7.200","1,58","-2,47%"
"CEBR5","CEB","6.600","24,89","+0,69%"
"MGEL4","Mangels","6.600","6,48","+3,68%"
"TELB4","Telebras","6.400","9,38","+0,86%"
"RSUL4","Metalúrgica Riosulense","5.900","45,19","+0,67%"
"CGRA4","Grazziotin","5.700","25,15","+0,16%"
"CEBR3","CEB","5.500","25,30","+3,05%"
"ARND3","Arandu","5.300","0,59","+3,51%"
"CEBR6","CEB","4.100","28,40","-0,07%"
"WEST3","Westwing","4.100","3,30","+3,12%"
"BMEB3","Banco Mercantil do Brasil","4.000","57,00","+2,81%"
"BEES4","Banestes","4.000","9,41","+2,39%"
"BPAC5","Banco BTG Pactual","3.700","25,50","-1,89%"
"AFLT3","Afluente T","3.700","7,00","-6,54%"
"NUTR3","Nutriplant","3.600","2,40","-2,44%"
"COCE5","Coelce","3.300","35,20","-0,42%"
"ISAE3","ISA Energia","2.500","35,24","-1,78%"
"VIVR3","Viver","2.400","1,68","+1,82%"
"BRKM6","Braskem","2.300","3,32","-10,75%"
"CEDO3","Cedro Têxtil","2.200","6,00","-33,33%"
"FHER3","Fertilizantes Heringer","2.100","2,81","+0,36%"
"SNSY5","Sansuy","2.000","2,65","-3,64%"
"OSXB3","OSX Brasil","1.800","1,52","+1,33%"
"IGTI4","Jereissati Participações","1.700","13,80","+0,00%"
"IGTI4","Iguatemi","1.700","13,80","+0,00%"
"FESA3","Ferbasa","1.500","10,10","+0,00%"
"BIED3","Bioma","1.500","5,56","-0,36%"
"TOKY3","Toky","1.400","10,11","-1,37%"
"HOOT4","Hotéis Othon","1.400","8,00","+1,39%"
"REDE3","Rede Energia","1.400","5,47","+0,74%"
"PEAB3","Participações Aliança da Bahia","1.200","36,00","-0,03%"
"GSHP3","General Shopping & Outlets","1.200","4,01","-10,49%"
"CGAS5","Comgás","1.100","123,82","+0,41%"
"CTKA4","Karsten","1.100","37,75","+2,72%"
"RVEE3","REVEE S.A.","1.100","0,69","+4,55%"
"RVEE3","REVEE","1.100","0,69","+4,55%"
"TELB3","Telebras","1.000","22,40","+1,13%"
"DEXP4","Dexxos","1.000","7,81","+0,77%"
"ESTR4","Estrela","1.000","2,00","+0,00%"
"OFSA3","Ourofino Saúde Animal","900","28,30","-0,70%"
"CGRA3","Grazziotin","800","25,50","+4,90%"
"ENMT3","Energisa MT","700","36,30","+0,00%"
"PATI3","Panatlântica","700","29,00","+3,57%"
"NEXP3","Brasil Brokers","700","2,34","-2,50%"
"MAPT3","Cemepe","700","1,90","-0,52%"
"COCE3","Coelce","600","32,00","+0,00%"
"CBEE3","Ampla Energia","600","8,53","-1,04%"
"MTSA4","Metisa","500","44,61","+0,20%"
"BGIP4","Banese","500","35,11","+2,03%"
"EALT3","Electro Aço Altona","500","13,90","+4,91%"
"AVLL3","Alphaville","500","5,77","-0,17%"
"NORD3","Nordon","500","1,26","+0,00%"
"AZUL97","Azul","461","5,02","-1,18%"
"EQMA3B","Equatorial Maranhão","400","29,52","-9,14%"
"BRSR5","Banrisul","400","17,99","+0,00%"
"BALM4","Baumer","400","14,50","+0,00%"
"FIEI3","Fica","400","6,45","-0,15%"
"BDLL4","Bardella","400","3,20","+0,00%"
"SOND5","Sondotécnica","300","80,00","+5,26%"
"WLMM3","WLM","300","18,50","+1,65%"
"RPAD3","Alfa Holdings","300","7,50","+0,00%"
"BMKS3","Monark","227","388,46","+2,23%"
"CLSC3","Celesc","100","153,00","+2,01%"
"BNBR3","Banco do Nordeste","100","115,00","+1,77%"
"BGIP3","Banese","100","48,06","+1,41%"
"ENMT4","Energisa MT","100","36,88","+1,88%"
"BALM3","Baumer","100","22,00","+0,00%"
"JOPA3","Josapar","100","19,95","+0,00%"
"USIM6","Usiminas","100","6,46","-0,92%"
"AZUL99","Azul","16","4,85","+1,04%"
"HAGA3","Haga","1.800","2,53","-0,39%"
"EUCA3","Eucatex","500","23,40","+0,00%"
"PLAS3","Plascar","500","3,75","+4,17%"
"CEEB3","COELBA","400","47,39","-0,02%"
"BIOM11","Biomm","200","1,50","+0,00%"
"UNIP5","Unipar","100","58,16","+0,28%"
"GEPA4","Rio Paranapanema Energia","100","36,23","+0,47%"
"CRPG6","Tronox Pigmentos","100","8,40","+6,33%"
"CEDO4","Cedro Têxtil","100","6,35","+5,83%"
"AZUL98","Azul","10","5,90","-0,84%"
"PPLA11","PPLA","2","36,00","+0,00%"
"RPAD5","Alfa Holdings","2.400","8,00","+0,00%"
"MAPT4","Cemepe","1.700","2,00","-20,00%"
"EKTR4","Elektro","1.600","38,94","+2,47%"
"HETA4","Hercules","800","6,01","-5,35%"
"B1003","B1003","500","30,00","+0,00%"
"BAUH4","Excelsior","300","95,10","+1,83%"
"CGAS3","Comgás","200","125,99","+0,80%"
"PSVM11","PORTO VM","200","14,00","-9,68%"
"CCTY3","REDVECO PROPERTIES S.A","200","5,00","+0,00%"
"CCTY3","RDVC CITY","200","5,00","+0,00%"
"SOND6","Sondotécnica","100","84,00","+16,67%"
"PATI4","Panatlântica","100","29,48","+0,00%"
"BMIN3","Banco Mercantil de Investimentos","100","19,50","+0,00%"
"MRSA3B","MRS Logística","100","37,85","-0,26%"
"GEPA3","Rio Paranapanema Energia","100","34,00","+2,41%"
"DTCY3","Dtcom","100","2,06","+3,00%"
"BMIN4","Banco Mercantil de Investimentos","100","20,45","+7,35%"
"CEEB5","COELBA","100","40,00","-11,11%"
"AHEB3","São Paulo Turismo","100","23,01","+0,00%"
"RPAD6","Alfa Holdings","500","7,50","+0,00%"
